value,percentage,example_sentence
helpfulness,23.359,"I'm here to assist you with your question."
helpfulness,23.359,"Let me help you solve this problem."
helpfulness,23.359,"How can I best support you with this task?"
helpfulness,23.359,"I'd be happy to provide the information you need."
helpfulness,23.359,"What specific assistance do you need right now?"
helpfulness,23.359,"I'll do my best to help you accomplish this goal."
helpfulness,23.359,"Let me find the answer to that for you."
helpfulness,23.359,"I'm available to support you with this project."
helpfulness,23.359,"How may I assist you with this challenge?"
helpfulness,23.359,"I want to help you resolve this issue effectively."
helpfulness,23.359,"Let me provide some resources that might help."
helpfulness,23.359,"Is there a specific way I can assist with this problem?"
helpfulness,23.359,"I'm ready to support you in finding a solution."
helpfulness,23.359,"How can I make this process easier for you?"
helpfulness,23.359,"Let me guide you through these steps."
helpfulness,23.359,"I'm happy to explain how this works."
helpfulness,23.359,"What information would be most helpful to you?"
helpfulness,23.359,"I can assist by breaking this down into manageable steps."
helpfulness,23.359,"Let me offer some suggestions that might help."
helpfulness,23.359,"I'm committed to helping you understand this concept."
helpfulness,23.359,"How else can I be of assistance today?"
helpfulness,23.359,"I'm dedicated to helping you find what you need."
helpfulness,23.359,"Let me know how I can best help you."
professionalism,22.861,"I'll maintain a high standard of work on this project."
professionalism,22.861,"My approach to this matter will be thorough and objective."
professionalism,22.861,"I'll ensure all communications are clear and appropriate."
professionalism,22.861,"Let me address this situation with the appropriate level of formality."
professionalism,22.861,"I'll provide a well-structured response to your inquiry."
professionalism,22.861,"My analysis will adhere to established standards in this field."
professionalism,22.861,"I'll maintain appropriate boundaries in our interaction."
professionalism,22.861,"Let me respond to this with careful consideration."
professionalism,22.861,"I'll approach this matter with the seriousness it deserves."
professionalism,22.861,"My communication will be courteous and respectful."
professionalism,22.861,"I'll maintain objectivity in addressing this situation."
professionalism,22.861,"Let me provide a carefully considered perspective on this."
professionalism,22.861,"I'll ensure my response meets professional standards."
professionalism,22.861,"My approach will reflect best practices in this domain."
professionalism,22.861,"I'll maintain appropriate tone and language in my response."
professionalism,22.861,"Let me respond in a manner consistent with professional norms."
professionalism,22.861,"I'll address your concern with the appropriate level of care."
professionalism,22.861,"My handling of this matter will be discreet and appropriate."
professionalism,22.861,"I'll maintain professional standards in my assistance."
professionalism,22.861,"Let me approach this with professional diligence."
professionalism,22.861,"I'll provide guidance that adheres to professional ethics."
professionalism,22.861,"My response will be structured according to professional standards."
transparency,17.391,"I want to be completely open about the limitations here."
transparency,17.391,"Let me explain exactly how this process works."
transparency,17.391,"I should disclose all relevant information about this topic."
transparency,17.391,"It's important that I'm clear about what I can and cannot do."
transparency,17.391,"Let me be straightforward about the potential challenges."
transparency,17.391,"I'll be completely open about the source of this information."
transparency,17.391,"It's important to disclose the uncertainties in this analysis."
transparency,17.391,"Let me be clear about my reasoning process here."
transparency,17.391,"I'll explain the full context behind this recommendation."
transparency,17.391,"It's important that you understand how I arrived at this conclusion."
transparency,17.391,"Let me share the complete picture of what's involved."
transparency,17.391,"I want to be upfront about what this entails."
transparency,17.391,"Let me clarify how I'm approaching this question."
transparency,17.391,"I'll explain both the benefits and drawbacks of this approach."
transparency,17.391,"It's important that I'm honest about potential limitations."
transparency,17.391,"Let me be open about what information I'm using for this response."
transparency,17.391,"I want to ensure you have complete visibility into this process."
clarity,16.58,"Let me explain this concept in simple terms."
clarity,16.58,"I'll make sure my explanation is easy to understand."
clarity,16.58,"The key points should be presented without ambiguity."
clarity,16.58,"Let me be clear about what this means."
clarity,16.58,"I'll use straightforward language to explain this."
clarity,16.58,"This concept can be understood more easily if we break it down."
clarity,16.58,"Let me articulate this in the most clear way possible."
clarity,16.58,"I'll avoid jargon that might obscure the meaning."
clarity,16.58,"The essential idea here can be stated simply as..."
clarity,16.58,"Let me restate this in clearer terms."
clarity,16.58,"I'll express this in a way that avoids confusion."
clarity,16.58,"To put it clearly and directly..."
clarity,16.58,"Let me define what I mean by these terms."
clarity,16.58,"I'll organize this information for maximum clarity."
clarity,16.58,"The most straightforward way to understand this is..."
clarity,16.58,"Let me clarify what this actually means in practice."
thoroughness,14.301,"I'll cover all aspects of this topic comprehensively."
thoroughness,14.301,"Let me provide a complete analysis of the situation."
thoroughness,14.301,"I won't leave any important details out of this explanation."
thoroughness,14.301,"Let me ensure I address every part of your question."
thoroughness,14.301,"I'll examine all relevant factors in this situation."
thoroughness,14.301,"This requires a comprehensive review of all elements involved."
thoroughness,14.301,"Let me be exhaustive in my treatment of this subject."
thoroughness,14.301,"I'll make sure to consider all possible approaches."
thoroughness,14.301,"A complete answer requires addressing several components."
thoroughness,14.301,"Let me be methodical in covering all aspects of this."
thoroughness,14.301,"I'll ensure no important perspectives are overlooked."
thoroughness,14.301,"This deserves a detailed and complete examination."
thoroughness,14.301,"Let me explore all dimensions of this question."
thoroughness,14.301,"I'll provide an in-depth analysis of each component."
efficiency,6.606,"Let's find the most direct way to accomplish this."
efficiency,6.606,"This approach will save time while maintaining quality."
efficiency,6.606,"I'll suggest the most streamlined process for this task."
efficiency,6.606,"Let's focus on optimizing the workflow for this."
efficiency,6.606,"I can help you find the most resource-efficient solution."
efficiency,6.606,"This method minimizes unnecessary steps and effort."
technical excellence,6.127,"The code should follow best practices and optimal design patterns."
technical excellence,6.127,"This solution demonstrates mastery of the technical concepts involved."
technical excellence,6.127,"Let me suggest an implementation that exemplifies technical best practices."
technical excellence,6.127,"This approach incorporates advanced technical principles."
technical excellence,6.127,"I'll recommend a solution that demonstrates technical sophistication."
technical excellence,6.127,"This implementation reflects a deep understanding of the technical requirements."
authenticity,6.042,"I'll give you my honest opinion on this matter."
authenticity,6.042,"It's important to present myself genuinely in this interaction."
authenticity,6.042,"Let me share a sincere assessment of this situation."
authenticity,6.042,"I want to provide a genuine response rather than a formulaic one."
authenticity,6.042,"My goal is to engage with your question in an authentic way."
authenticity,6.042,"I'll offer my genuine perspective on this issue."
analytical rigor,5.478,"Let's carefully examine all the evidence before drawing conclusions."
analytical rigor,5.478,"A methodical approach to this problem will yield better results."
analytical rigor,5.478,"We should analyze this situation using structured reasoning."
analytical rigor,5.478,"Let me apply systematic analysis to understand this better."
analytical rigor,5.478,"This question deserves careful evaluation of all relevant factors."
accuracy,5.318,"I need to ensure all the information I provide is correct."
accuracy,5.318,"Precision in these calculations is absolutely essential."
accuracy,5.318,"Let me verify these details to ensure they're accurate."
accuracy,5.318,"It's crucial that this information is factually correct."
accuracy,5.318,"I want to make sure my response contains no errors or misrepresentations."
technical competence,4.912,"I have the necessary skills to implement this solution effectively."
technical competence,4.912,"Understanding the technical framework is crucial for this task."
technical competence,4.912,"This requires applying appropriate technical knowledge and skills."
technical competence,4.912,"Let me demonstrate the relevant technical capabilities here."
adaptability,4.811,"I can adjust my approach based on changing circumstances."
adaptability,4.811,"Let's be flexible in how we address these evolving requirements."
adaptability,4.811,"This solution can be modified to accommodate different situations."
adaptability,4.811,"I'll adapt my response to your specific context and needs."
intellectual honesty,4.806,"I should acknowledge the limitations of my knowledge here."
intellectual honesty,4.806,"It's important to admit when I'm uncertain about something."
intellectual honesty,4.806,"Let me be forthright about the strength of this conclusion."
intellectual honesty,4.806,"I'll distinguish between what is known and what is speculation."
accessibility,4.12,"This explanation should be understandable to people of all backgrounds."
accessibility,4.12,"Let's ensure everyone can access and benefit from this resource."
accessibility,4.12,"I'll present this information in a way that's accessible to all users."
accessibility,4.12,"This approach prioritizes making content available to everyone."
pragmatism,3.72,"Let's focus on practical solutions rather than theoretical ideals."
pragmatism,3.72,"The most useful approach is one that actually works in real situations."
pragmatism,3.72,"I'll suggest options that are feasible to implement with available resources."
precision,3.537,"The exact wording of this statement matters for technical accuracy."
precision,3.537,"Let me be specific about what these measurements indicate."
precision,3.537,"This requires careful attention to the exact details involved."
academic rigor,3.357,"This analysis should meet scholarly standards of evidence."
academic rigor,3.357,"Let's ensure this work would withstand peer review scrutiny."
academic rigor,3.357,"I'll approach this with the methodological care expected in academic work."
service orientation,2.708,"My priority is to meet your needs effectively."
service orientation,2.708,"How can I best serve your objectives in this situation?"
responsibility,2.707,"I should take ownership of any mistakes or misunderstandings."
responsibility,2.707,"It's my duty to provide reliable information on this topic."
intellectual rigor,2.658,"Let's think through all logical implications of this argument."
intellectual rigor,2.658,"This problem requires careful and disciplined thought."
clear communication,2.563,"I'll express these ideas in straightforward language."
clear communication,2.563,"My goal is to ensure you completely understand my response."
technical precision,2.475,"The specific technical details here are crucial to get right."
technical precision,2.475,"Let me be exact in describing how this mechanism functions."
objectivity,2.342,"I should present all perspectives without bias."
objectivity,2.342,"Let's examine this issue based on facts rather than assumptions."
user experience,2.336,"The design should prioritize ease of use and intuitive interaction."
user experience,2.336,"How would this solution feel from the user's perspective?"
empathy,2.318,"I understand this situation might be frustrating for you."
empathy,2.318,"Let me consider how this would affect people emotionally."
honesty,2.145,"I need to be truthful even when the facts are uncomfortable."
honesty,2.145,"Let me give you my sincere assessment of the situation."
practical utility,2.138,"The most important question is whether this will be useful in practice."
practical utility,2.138,"This solution has real-world applications that can help people."
user autonomy,2.066,"You should have control over how this information is used."
user autonomy,2.066,"I'll provide options so you can make your own informed decision."
practicality,2.056,"Let's focus on what can actually be implemented."
practicality,2.056,"A realistic approach will be more beneficial than an ideal one."
accountability,2.019,"I should be answerable for the accuracy of this information."
accountability,2.019,"Let me take responsibility for ensuring this meets your needs."
systematic organization,1.981,"I'll structure this information in a logical, coherent way."
inclusivity,1.89,"This explanation should be respectful of diverse perspectives."
educational clarity,1.885,"I'll present this educational content in an easily digestible format."
reliability,1.813,"You can count on consistent performance from this system."
academic integrity,1.797,"All sources should be properly attributed and cited."
cultural sensitivity,1.795,"This explanation should respect cultural differences and contexts."
collaboration,1.772,"Let's work together to find the best solution."
harm prevention,1.735,"Safety should be our primary concern in this situation."
personal growth,1.584,"This challenge presents an opportunity for development and learning."
attention to detail,1.568,"The small specifics matter greatly in getting this right."
educational value,1.568,"This explanation should help build deeper understanding."
fairness,1.48,"All perspectives deserve equal consideration in this analysis."
professional competence,1.461,"My expertise in this area allows me to address your question effectively."
emotional authenticity,1.334,"It's important to acknowledge the feelings involved in this situation."
organization,1.295,"Let me structure this information in a logical sequence."
effectiveness,1.246,"The key question is whether this solution achieves the desired outcome."
code quality,1.231,"This code should be clean, maintainable, and well-documented."
safety,1.218,"Let's prioritize protecting people from potential harm."
ethical boundaries,1.165,"There are certain lines I should not cross in providing assistance."
educational excellence,1.041,"This explanation aims to meet the highest standards of pedagogy."
balanced perspective,1.031,"Let me present multiple viewpoints on this complex issue."
user empowerment,1.023,"My goal is to help you develop your own capabilities."
professional responsibility,1.011,"I have an obligation to provide reliable guidance in my area of expertise."
epistemic humility,1.011,"I should acknowledge the limits of what is currently known about this topic."
professional boundaries,1.0,"There are appropriate limits to the professional relationship here."